Page Number,Job Link
2,https://www.upwork.com/jobs/Head-Automation_~021881786937782092466/?referrer_url_path=/nx/search/jobs/
2,https://www.upwork.com/jobs/Zapier-Webhook-and-Custom-Integration-Expert-Needed_~021881763671134749362/?referrer_url_path=/nx/search/jobs/
2,https://www.upwork.com/jobs/Data-Systems-Architect-Database-Automation-Focus_~021881756717129712306/?referrer_url_path=/nx/search/jobs/
2,https://www.upwork.com/jobs/span-class-highlight-n8n-span-Developer-for-Automation-Projects_~021881755739079031452/?referrer_url_path=/nx/search/jobs/
2,https://www.upwork.com/jobs/span-class-highlight-N8N-span-Workflow-Optimization-Google-Drive-Notification-System_~021881725923043071760/?referrer_url_path=/nx/search/jobs/
2,https://www.upwork.com/jobs/Wanted-Automation-Wizard-Make-com-Expert_~021881723006083287337/?referrer_url_path=/nx/search/jobs/
2,https://www.upwork.com/jobs/Developer-automation-specialist-with-make-com-and-Zapier-experience-for-ongoing-projects_~021881079659191513101/?referrer_url_path=/nx/search/jobs/
2,https://www.upwork.com/jobs/Agent-span-class-highlight-N8N-span-Keap-CRM-Full-Context-Search-Display-Quality-Leads_~021881675411719477008/?referrer_url_path=/nx/search/jobs/
2,https://www.upwork.com/jobs/span-class-highlight-N8n-span-automation-expert-advise-parallelization-techniques_~021881597968838607538/?referrer_url_path=/nx/search/jobs/
2,https://www.upwork.com/jobs/span-class-highlight-N8N-span-Configurator-for-automation-tasks_~021881579827259751068/?referrer_url_path=/nx/search/jobs/
2,https://www.upwork.com/jobs/Seeking-span-class-highlight-n8n-span-Automation-Expert-for-Project-Work-and-Coaching_~021881427539582829234/?referrer_url_path=/nx/search/jobs/
2,https://www.upwork.com/jobs/Automation-Expert-Needed-for-API-Integration-and-Agent-Development_~021881481895453899420/?referrer_url_path=/nx/search/jobs/
2,https://www.upwork.com/jobs/Migration-scenario-from-Make-span-class-highlight-N8N-span_~021881467745354244857/?referrer_url_path=/nx/search/jobs/
2,https://www.upwork.com/jobs/Agent-Development-Using-span-class-highlight-n8n-span_~021881448198281509621/?referrer_url_path=/nx/search/jobs/
2,https://www.upwork.com/jobs/GHL-span-class-highlight-n8n-span-Need-Help-Building-Database-Reactivation-and-Nurturing-Bot_~021881439340504146681/?referrer_url_path=/nx/search/jobs/
2,https://www.upwork.com/jobs/Make-com-Scenario-Builder-Automation-Specialist_~021881376290965961461/?referrer_url_path=/nx/search/jobs/
2,https://www.upwork.com/jobs/span-class-highlight-n8n-span-Workflow-Automation-Expert-Needed_~021881353067416380153/?referrer_url_path=/nx/search/jobs/
2,https://www.upwork.com/jobs/Automation-and-API-Integration-Expert-Needed_~021881325976376334096/?referrer_url_path=/nx/search/jobs/
2,https://www.upwork.com/jobs/Build-Data-Ingestion-and-Processing-Prototype-Using-span-class-highlight-n8n-span_~021881284210555216633/?referrer_url_path=/nx/search/jobs/
2,https://www.upwork.com/jobs/Agent-Developer-for-Astrology-Bot-span-class-highlight-n8n-span-Integration_~021881256096489696436/?referrer_url_path=/nx/search/jobs/
2,https://www.upwork.com/jobs/Server-management-with-variety-Docker-based-services-VMs_~021881245765253224208/?referrer_url_path=/nx/search/jobs/
2,https://www.upwork.com/jobs/Connecting-Facebook-Perplexity_~021881194934595905438/?referrer_url_path=/nx/search/jobs/
2,https://www.upwork.com/jobs/Build-chat-interface-make-updates-CRM_~021881129495408169849/?referrer_url_path=/nx/search/jobs/
2,https://www.upwork.com/jobs/Agent-Development-for-Custom-Software_~021881044239581729657/?referrer_url_path=/nx/search/jobs/
2,https://www.upwork.com/jobs/Experto-Implementaci-Servicios-make-com-span-class-highlight-n8n-span_~021881024749271180681/?referrer_url_path=/nx/search/jobs/
2,https://www.upwork.com/jobs/span-class-highlight-N8n-span-setup-and-workflows_~021880959497372980089/?referrer_url_path=/nx/search/jobs/
2,https://www.upwork.com/jobs/Automated-Content-Assessment-and-Curation-Workflow-span-class-highlight-N8N-span_~021880941919918295052/?referrer_url_path=/nx/search/jobs/
2,https://www.upwork.com/jobs/Agent-Developer-for-Ecommerce-Automation_~021880647510349914762/?referrer_url_path=/nx/search/jobs/
2,https://www.upwork.com/jobs/span-class-highlight-n8n-span-Automation-Specialist_~021880640642607408521/?referrer_url_path=/nx/search/jobs/
2,https://www.upwork.com/jobs/Develop-File-Management-amp-Workflow-System-Make-span-class-highlight-N8n-span_~021880507095204685193/?referrer_url_path=/nx/search/jobs/
2,https://www.upwork.com/jobs/Voice-Developer-Junior-Senior-Roles-Available_~021880472697218459017/?referrer_url_path=/nx/search/jobs/
2,https://www.upwork.com/jobs/span-class-highlight-n8n-span-expert-build-agents_~021880421999182946954/?referrer_url_path=/nx/search/jobs/
2,https://www.upwork.com/jobs/Integration-Specialist-for-Stripe-QuickBooks-HubSpot-and-Teams-via-span-class-highlight-n8n-span_~021880368341712967855/?referrer_url_path=/nx/search/jobs/
2,https://www.upwork.com/jobs/span-class-highlight-N8n-span-chatbot-partnership_~021880345461635699577/?referrer_url_path=/nx/search/jobs/
2,https://www.upwork.com/jobs/Automations-GTM-Expert-Lead-Growth-Influencer-Marketing-Agency_~021880328456313578122/?referrer_url_path=/nx/search/jobs/
2,https://www.upwork.com/jobs/Workflow-automation_~021880289891458294410/?referrer_url_path=/nx/search/jobs/
2,https://www.upwork.com/jobs/span-class-highlight-n8n-span-Developer-Low-Code-Engineer_~021880235854463952265/?referrer_url_path=/nx/search/jobs/
2,https://www.upwork.com/jobs/Automation-Specialist-Needed-for-Quick-Integrations_~021880228338859665310/?referrer_url_path=/nx/search/jobs/
2,https://www.upwork.com/jobs/Chatbot-Developer-with-Manychat-amp-span-class-highlight-N8N-span-Expertise-for-Our-commerce-Business_~021880228144079721337/?referrer_url_path=/nx/search/jobs/
2,https://www.upwork.com/jobs/Automation-Engineer_~021880178781527097839/?referrer_url_path=/nx/search/jobs/
2,https://www.upwork.com/jobs/span-class-highlight-n8n-span-agent-workflow-expert_~021880222006137395375/?referrer_url_path=/nx/search/jobs/
2,https://www.upwork.com/jobs/span-class-highlight-n8n-span-Automation-Expert-Needed-for-Internal-Task-Optimization_~021880186907403895279/?referrer_url_path=/nx/search/jobs/
2,https://www.upwork.com/jobs/span-class-highlight-N8n-span-Consultation-for-Google-Sheets-Integration-with-OpenAI-Assistant_~021880160788535732859/?referrer_url_path=/nx/search/jobs/
2,https://www.upwork.com/jobs/Expert-Process-Automation-and-Agents-Needed_~021880088646028782203/?referrer_url_path=/nx/search/jobs/
2,https://www.upwork.com/jobs/Assistant-Junior-Coder-Tech-Savvy-Enthusiast-Notion-Proficient_~021880052888727349883/?referrer_url_path=/nx/search/jobs/
2,https://www.upwork.com/jobs/Agent-Builder-Expert-Needed-span-class-highlight-N8N-span-Relevanceai-com-Make-com_~021879991795322121470/?referrer_url_path=/nx/search/jobs/
2,https://www.upwork.com/jobs/Update-Web-Application-span-class-highlight-N8N-span-Automation_~021877746204584192852/?referrer_url_path=/nx/search/jobs/
2,https://www.upwork.com/jobs/Business-Process-Automation-Engineer-Intern-Exciting-Projects-Zapier-Make-com-span-class-highlight-n8n-span_~021879944146763268591/?referrer_url_path=/nx/search/jobs/
2,https://www.upwork.com/jobs/Automation-small-project_~021879937452455068900/?referrer_url_path=/nx/search/jobs/
2,https://www.upwork.com/jobs/Automated-Deal-Analysis-for-Venture-Capital-Fund_~021879927897268578939/?referrer_url_path=/nx/search/jobs/
3,https://www.upwork.com/jobs/Develop-Email-assistant-Outlook-Azure_~021879896905680823030/?referrer_url_path=/nx/search/jobs/
3,https://www.upwork.com/jobs/Senior-Engineer-Technical-Documentation-Specialist_~021879874962516011629/?referrer_url_path=/nx/search/jobs/
3,https://www.upwork.com/jobs/RAG-Agent-with-span-class-highlight-n8n-span_~021879847401467990983/?referrer_url_path=/nx/search/jobs/
3,https://www.upwork.com/jobs/Development-span-class-highlight-n8n-span-Automated-Agents-for-commerce-Website_~021879683354234361189/?referrer_url_path=/nx/search/jobs/
3,https://www.upwork.com/jobs/Automation-Expert-for-Video-Editing-Creation-Tool_~021879673815262088914/?referrer_url_path=/nx/search/jobs/
3,https://www.upwork.com/jobs/Automation-Engineer-Airtable-Make-com-Expert_~021879672174970457810/?referrer_url_path=/nx/search/jobs/
3,https://www.upwork.com/jobs/span-class-highlight-N8N-span-Workflow-Setup-for-Data-Integration-and-Reporting_~021879636340879707858/?referrer_url_path=/nx/search/jobs/
3,https://www.upwork.com/jobs/Senior-Voice-Agent-Developer-for-Custom-Business-Solution_~021879609370796150482/?referrer_url_path=/nx/search/jobs/
3,https://www.upwork.com/jobs/Automated-Virtual-Agent-Development_~021879586675700585417/?referrer_url_path=/nx/search/jobs/
3,https://www.upwork.com/jobs/Voice-Agent-Development-for-Client-Calls_~021879581535402512082/?referrer_url_path=/nx/search/jobs/
3,https://www.upwork.com/jobs/span-class-highlight-N8N-span-Agent-Developer-Needed-for-Workflow-Automation_~021879581191185274213/?referrer_url_path=/nx/search/jobs/
3,https://www.upwork.com/jobs/Desarrollo-Agente-span-class-highlight-n8n-span-para-Calendario-trav-instrucciones-con-voz_~021879485771504863328/?referrer_url_path=/nx/search/jobs/
3,https://www.upwork.com/jobs/Sales-Reporting-Automation_~021879472782569014548/?referrer_url_path=/nx/search/jobs/
3,https://www.upwork.com/jobs/span-class-highlight-n8n-span-Agent-Developer_~021879296370220985358/?referrer_url_path=/nx/search/jobs/
3,https://www.upwork.com/jobs/span-class-highlight-N8N-span-Workflow-Development-with-ChatGPT-amp-Perplexity-Integration_~021879189853505138034/?referrer_url_path=/nx/search/jobs/
3,https://www.upwork.com/jobs/Full-Stack-Developer-for-MVP_~021879163066713652004/?referrer_url_path=/nx/search/jobs/
3,https://www.upwork.com/jobs/Urgent-Finalize-span-class-highlight-n8n-span-Workflow-for-ElevenLabs-and-Slybroadcast-Integration_~021878936916042124692/?referrer_url_path=/nx/search/jobs/
3,https://www.upwork.com/jobs/Workflow-Automation-Expert-for-Zoom-Google-Calendar-and-Notion_~021878902691704278420/?referrer_url_path=/nx/search/jobs/
3,https://www.upwork.com/jobs/Assistance-with-updating-span-class-highlight-n8n-span-installation-DigitalOcean-with-Docker_~021878857334831062545/?referrer_url_path=/nx/search/jobs/
3,https://www.upwork.com/jobs/Need-Developer-for-GHL-SAAS-feature-Update-Custom-Values-using-Form_~021878855310090636692/?referrer_url_path=/nx/search/jobs/
3,https://www.upwork.com/jobs/Agent-Builder_~021878843331942747540/?referrer_url_path=/nx/search/jobs/
3,https://www.upwork.com/jobs/Functional-and-Requirements-Document-for-the-Development-the-Customer-Risk-Detection-System_~021878824221375602193/?referrer_url_path=/nx/search/jobs/
3,https://www.upwork.com/jobs/Project-deployment_~021878779744762076689/?referrer_url_path=/nx/search/jobs/
3,https://www.upwork.com/jobs/Build-span-class-highlight-n8n-span-Agent_~021878730429638446014/?referrer_url_path=/nx/search/jobs/
3,https://www.upwork.com/jobs/Expert-automation-for-commerce_~021878564161618644372/?referrer_url_path=/nx/search/jobs/
3,https://www.upwork.com/jobs/want-you-can-part-team-agency_~021878452878000983444/?referrer_url_path=/nx/search/jobs/
3,https://www.upwork.com/jobs/span-class-highlight-N8n-span-Automation-Specialist-Needed-for-Ongoing-Projects_~021878359137420810128/?referrer_url_path=/nx/search/jobs/
3,https://www.upwork.com/jobs/Zapier-Make-span-class-highlight-n8n-span-Automation-Specialist-Needed-for-UpWork-Bidding-System_~021878244185930476372/?referrer_url_path=/nx/search/jobs/
3,https://www.upwork.com/jobs/PHP-developer-for-customizing-workflows-n8n-com_~021878104061242518356/?referrer_url_path=/nx/search/jobs/
3,https://www.upwork.com/jobs/Fix-Google-Drive-Node-span-class-highlight-n8n-span-Workflow-for-Automatic-File-Import_~021878082021206461844/?referrer_url_path=/nx/search/jobs/
3,https://www.upwork.com/jobs/Senior-GHL-Automation-Specialist-Executive-Assistant_~021878054313823316820/?referrer_url_path=/nx/search/jobs/
3,https://www.upwork.com/jobs/Automation-System-span-class-highlight-n8n-span-for-Extracting-Data-and-sending-emails_~021877952259626211035/?referrer_url_path=/nx/search/jobs/
3,https://www.upwork.com/jobs/Help-Needed-Google-Apps-Script-OpenAI-API-Integration_~021877898504300334484/?referrer_url_path=/nx/search/jobs/
3,https://www.upwork.com/jobs/Agent-span-class-highlight-n8n-span-workflow-developer_~021877648118822013886/?referrer_url_path=/nx/search/jobs/
3,https://www.upwork.com/jobs/Automation-and-Integration-Specialist_~021877498467481226644/?referrer_url_path=/nx/search/jobs/
3,https://www.upwork.com/jobs/span-class-highlight-n8n-span-Automation-Specialist-Needed_~021877414767015955860/?referrer_url_path=/nx/search/jobs/
3,https://www.upwork.com/jobs/Marketing-automation-and-api-integration-specialist_~021877268927245162384/?referrer_url_path=/nx/search/jobs/
3,https://www.upwork.com/jobs/Expert-Needed-for-Make-com-automations-and-agents_~021877301838287337091/?referrer_url_path=/nx/search/jobs/
3,https://www.upwork.com/jobs/Agent-Builder_~021877217320763460542/?referrer_url_path=/nx/search/jobs/
3,https://www.upwork.com/jobs/VAPI-span-class-highlight-N8N-span-make_~021877136828580039614/?referrer_url_path=/nx/search/jobs/
3,https://www.upwork.com/jobs/Zap-expert_~021877108360978757251/?referrer_url_path=/nx/search/jobs/
3,https://www.upwork.com/jobs/Integration-Expert-Needed-for-GoHighLevel-span-class-highlight-n8n-span-Xero-and-Affiliate-Program_~021877027853199265134/?referrer_url_path=/nx/search/jobs/
3,https://www.upwork.com/jobs/Google-Workspace-and-Apps-Script-Automations_~021877051524137291156/?referrer_url_path=/nx/search/jobs/
3,https://www.upwork.com/jobs/span-class-highlight-N8N-span-Automation_~021876953246725114814/?referrer_url_path=/nx/search/jobs/
3,https://www.upwork.com/jobs/Agentic-System-Specialist-CrewAI-autogen-span-class-highlight-n8n-span_~021876948281512233918/?referrer_url_path=/nx/search/jobs/
3,https://www.upwork.com/jobs/span-class-highlight-N8n-span-VAPI-Stripe-integration-support_~021876922798929999491/?referrer_url_path=/nx/search/jobs/
3,https://www.upwork.com/jobs/DevOps-Engineer-Needed-for-Coolify-Configuration-and-App-Deployment_~021876911723367173054/?referrer_url_path=/nx/search/jobs/
3,https://www.upwork.com/jobs/Software-developer-create-website-similar-make-com_~021876893100791630782/?referrer_url_path=/nx/search/jobs/
3,https://www.upwork.com/jobs/DATA-Science-Analytics-aggregation-span-class-highlight-n8n-span-tool_~021876871688311666307/?referrer_url_path=/nx/search/jobs/
3,https://www.upwork.com/jobs/Full-Stack-Developer-with-span-class-highlight-n8n-span-Experience-Needed_~021876832505962965844/?referrer_url_path=/nx/search/jobs/
